               epoch,      train/box_loss,      train/obj_loss,      train/cls_loss,   metrics/precision,      metrics/recall,     metrics/mAP_0.5,metrics/mAP_0.5:0.95,        val/box_loss,        val/obj_loss,        val/cls_loss,               x/lr0,               x/lr1,               x/lr2
                   0,            0.081355,            0.078762,            0.038894,             0.80854,            0.077425,            0.040584,           0.0097973,             0.10196,            0.071092,            0.037259,            0.067589,          0.00032738,          0.00032738
                   1,            0.056963,            0.067833,            0.036303,             0.90449,             0.19347,             0.18947,             0.08097,            0.052266,            0.083066,            0.036386,            0.034586,          0.00065744,          0.00065744
                   2,            0.048527,            0.066197,            0.036194,             0.15227,             0.34201,             0.21763,             0.10924,             0.04385,            0.070612,             0.03612,           0.0015794,          0.00098421,          0.00098421
                   3,            0.046182,            0.064501,            0.036054,             0.29234,             0.36255,             0.23874,              0.1194,            0.042579,            0.068106,            0.035998,          0.00098515,          0.00098515,          0.00098515
                   4,            0.043668,             0.06255,            0.035984,             0.36495,             0.36818,             0.29523,             0.14977,            0.039863,            0.064395,            0.035933,          0.00098515,          0.00098515,          0.00098515
                   5,            0.041139,            0.061769,            0.035888,             0.33135,             0.37938,             0.31107,             0.15458,            0.038683,            0.064362,            0.035821,           0.0009802,           0.0009802,           0.0009802
                   6,            0.041078,            0.060731,            0.035813,             0.32642,             0.36069,             0.30642,             0.15216,            0.037808,            0.064598,            0.035665,          0.00097525,          0.00097525,          0.00097525
                   7,            0.040956,            0.060263,            0.035714,             0.35585,             0.38448,             0.33444,             0.16896,            0.039328,            0.065764,            0.035641,           0.0009703,           0.0009703,           0.0009703
                   8,            0.039177,            0.059953,             0.03559,             0.41355,             0.41291,             0.35841,             0.19194,            0.034205,            0.061292,             0.03546,          0.00096535,          0.00096535,          0.00096535
                   9,            0.038829,            0.059651,            0.035476,               0.483,             0.43598,              0.4005,             0.21882,            0.032986,            0.059391,             0.03527,           0.0009604,           0.0009604,           0.0009604
                  10,            0.037836,            0.058487,            0.035295,             0.52204,             0.45494,              0.4382,             0.23086,             0.03434,            0.061446,            0.035345,          0.00095545,          0.00095545,          0.00095545
                  11,            0.038218,            0.058794,            0.035161,             0.48976,             0.55068,              0.4922,             0.25972,            0.035899,             0.06487,            0.034875,           0.0009505,           0.0009505,           0.0009505
                  12,            0.037464,            0.058485,            0.034903,             0.56154,             0.59747,             0.54826,             0.29344,            0.032576,            0.059712,            0.034512,          0.00094555,          0.00094555,          0.00094555
                  13,            0.037627,             0.05761,            0.034621,             0.57134,             0.61193,             0.54113,             0.29222,            0.032441,            0.059123,            0.034705,           0.0009406,           0.0009406,           0.0009406
                  14,            0.036615,             0.05822,            0.034378,             0.54289,             0.55376,             0.49684,             0.25371,             0.03936,            0.064129,            0.034727,          0.00093565,          0.00093565,          0.00093565
                  15,            0.037261,            0.057319,            0.034304,             0.61241,             0.62942,             0.60118,             0.33064,            0.032525,            0.058838,            0.033973,           0.0009307,           0.0009307,           0.0009307
                  16,            0.036199,            0.057157,            0.034069,             0.65365,             0.58308,             0.60742,             0.33043,            0.033217,            0.059157,            0.035337,          0.00092575,          0.00092575,          0.00092575
                  17,            0.035784,            0.056824,            0.034117,             0.72616,             0.63306,             0.67558,             0.37384,             0.03197,            0.057756,            0.033842,           0.0009208,           0.0009208,           0.0009208
                  18,            0.036185,            0.057024,             0.03383,             0.78523,             0.65631,             0.70648,             0.39213,            0.031177,            0.057136,            0.033492,          0.00091585,          0.00091585,          0.00091585
                  19,            0.035417,            0.055954,            0.033595,             0.81435,             0.68211,             0.73076,             0.41308,            0.030395,            0.056826,             0.03338,           0.0009109,           0.0009109,           0.0009109
                  20,            0.034667,            0.055806,            0.033344,             0.82535,             0.71539,             0.76455,             0.43406,            0.030965,            0.056374,            0.033198,          0.00090595,          0.00090595,          0.00090595
                  21,            0.035482,            0.056277,            0.033269,              0.7509,             0.69722,             0.71794,             0.39816,            0.030709,            0.057629,            0.033342,            0.000901,            0.000901,            0.000901
                  22,            0.035263,            0.055473,            0.033045,             0.79672,              0.7229,             0.74478,             0.41766,            0.030749,            0.057131,            0.032946,          0.00089605,          0.00089605,          0.00089605
                  23,            0.034822,            0.055737,            0.033012,             0.82122,             0.71903,             0.76508,             0.43123,            0.030307,            0.056722,            0.032983,           0.0008911,           0.0008911,           0.0008911
                  24,            0.034422,             0.05455,            0.032987,             0.84552,              0.7486,             0.78333,             0.45235,            0.030075,            0.056699,            0.032734,          0.00088615,          0.00088615,          0.00088615
                  25,            0.034496,            0.054384,            0.032917,             0.85419,             0.73023,             0.78118,             0.44148,            0.030359,            0.056469,            0.032942,           0.0008812,           0.0008812,           0.0008812
                  26,            0.034202,            0.055268,            0.032936,             0.83499,             0.74841,             0.78574,             0.43868,            0.034241,            0.058185,            0.032703,          0.00087625,          0.00087625,          0.00087625
                  27,            0.033973,            0.054913,            0.032883,             0.80854,             0.72682,               0.764,             0.44766,            0.030415,            0.056006,            0.032892,           0.0008713,           0.0008713,           0.0008713
                  28,            0.033827,            0.054729,            0.032823,             0.81929,             0.73365,             0.77197,              0.4329,            0.030485,            0.056877,            0.032842,          0.00086635,          0.00086635,          0.00086635
                  29,            0.033449,            0.054572,            0.032902,              0.8387,             0.74469,             0.77969,             0.44784,            0.030354,            0.056724,            0.032662,           0.0008614,           0.0008614,           0.0008614
                  30,             0.03344,            0.053704,            0.032815,              0.8511,             0.74817,             0.79172,             0.47587,            0.028476,            0.054502,            0.032611,          0.00085645,          0.00085645,          0.00085645
                  31,            0.033051,            0.054398,             0.03278,             0.82319,             0.75695,             0.78804,             0.45463,            0.029463,            0.056104,            0.032573,           0.0008515,           0.0008515,           0.0008515
                  32,            0.033365,             0.05374,            0.032799,              0.8613,             0.76284,             0.80137,              0.4719,             0.02895,            0.054449,             0.03271,          0.00084655,          0.00084655,          0.00084655
                  33,            0.033243,            0.053914,            0.032661,             0.87075,             0.74697,             0.78803,              0.4703,            0.028687,            0.054511,            0.032547,           0.0008416,           0.0008416,           0.0008416
                  34,            0.032622,            0.053052,            0.032717,             0.82234,             0.75124,             0.78488,             0.47481,            0.028413,            0.054807,             0.03263,          0.00083665,          0.00083665,          0.00083665
                  35,            0.033058,            0.053906,            0.032768,             0.83911,              0.7446,             0.78389,              0.4638,            0.029426,            0.055317,             0.03302,           0.0008317,           0.0008317,           0.0008317
                  36,            0.032161,            0.053361,            0.032715,             0.83641,             0.77715,             0.80154,             0.47166,            0.029215,            0.055414,            0.032622,          0.00082675,          0.00082675,          0.00082675
                  37,            0.032394,            0.054278,            0.032622,             0.86706,             0.77839,             0.81176,             0.49569,             0.02761,            0.053208,            0.032533,           0.0008218,           0.0008218,           0.0008218
                  38,            0.031701,            0.051523,             0.03259,             0.80531,             0.75813,             0.78815,             0.48146,            0.029094,            0.055095,            0.032663,          0.00081685,          0.00081685,          0.00081685
                  39,            0.032246,            0.053075,            0.032595,             0.85135,             0.77986,             0.81251,             0.48754,            0.028574,            0.053698,            0.032468,           0.0008119,           0.0008119,           0.0008119
                  40,             0.03223,            0.053569,            0.032612,             0.86447,             0.77317,             0.80352,             0.48184,            0.028456,            0.054666,            0.032468,          0.00080695,          0.00080695,          0.00080695
                  41,            0.031254,             0.05252,            0.032563,              0.8642,             0.76041,              0.7976,             0.48318,            0.028871,            0.054341,            0.032532,            0.000802,            0.000802,            0.000802
                  42,            0.031605,             0.05262,            0.032581,             0.86635,             0.78245,              0.8226,             0.50026,            0.027716,            0.054472,            0.032438,          0.00079705,          0.00079705,          0.00079705
                  43,            0.032066,            0.053081,            0.032551,             0.87733,             0.78227,             0.81828,             0.49513,            0.027246,            0.052787,            0.032409,           0.0007921,           0.0007921,           0.0007921
                  44,            0.031238,             0.05252,            0.032545,             0.86328,             0.79753,             0.82687,             0.50486,            0.027129,            0.053147,            0.032333,          0.00078715,          0.00078715,          0.00078715
                  45,             0.03107,            0.051507,            0.032481,             0.86951,             0.77404,             0.80867,             0.50095,            0.026885,            0.052916,            0.032411,           0.0007822,           0.0007822,           0.0007822
                  46,            0.031815,            0.053164,            0.032507,             0.87006,             0.80263,              0.8248,             0.50776,            0.026975,            0.052995,            0.032439,          0.00077725,          0.00077725,          0.00077725
                  47,            0.030846,            0.051294,            0.032482,             0.87883,             0.79142,             0.83412,             0.51463,            0.026812,            0.052559,            0.032379,           0.0007723,           0.0007723,           0.0007723
                  48,            0.031022,            0.051388,            0.032494,              0.8495,             0.78633,             0.81096,             0.49165,            0.027319,            0.053834,             0.03248,          0.00076735,          0.00076735,          0.00076735
                  49,             0.03074,            0.051468,            0.032513,             0.87001,             0.78926,             0.81917,             0.51119,            0.026699,            0.052264,            0.032434,           0.0007624,           0.0007624,           0.0007624
                  50,            0.031228,            0.051596,            0.032465,             0.87535,              0.7896,             0.82882,             0.50641,             0.02678,            0.052682,            0.032354,          0.00075745,          0.00075745,          0.00075745
                  51,            0.030734,            0.050561,            0.032464,             0.87947,             0.79362,             0.82768,             0.51415,            0.026623,            0.052438,            0.032356,           0.0007525,           0.0007525,           0.0007525
                  52,            0.030281,            0.051239,            0.032475,             0.87663,             0.80296,             0.82615,             0.51766,            0.026414,            0.051347,            0.032339,          0.00074755,          0.00074755,          0.00074755
                  53,            0.030428,            0.051168,            0.032464,                0.88,             0.79012,             0.82417,              0.5131,            0.026587,            0.051929,            0.032406,           0.0007426,           0.0007426,           0.0007426
                  54,            0.030749,            0.051864,            0.032419,             0.86987,             0.81071,             0.83328,             0.52084,            0.026051,            0.051445,            0.032362,          0.00073765,          0.00073765,          0.00073765
                  55,            0.030392,            0.050796,            0.032437,             0.86437,             0.79915,             0.82833,             0.51715,            0.026396,            0.052041,            0.032363,           0.0007327,           0.0007327,           0.0007327
                  56,             0.03014,            0.051376,            0.032444,             0.87492,              0.8091,             0.83242,             0.52321,            0.026213,            0.051926,            0.032338,          0.00072775,          0.00072775,          0.00072775
                  57,            0.030281,            0.050714,            0.032438,              0.8839,             0.80352,             0.83973,             0.52815,            0.025904,            0.051707,            0.032316,           0.0007228,           0.0007228,           0.0007228
                  58,            0.030537,            0.051083,            0.032409,             0.88425,             0.80374,             0.83312,             0.52364,            0.026328,            0.051436,            0.032317,          0.00071785,          0.00071785,          0.00071785
                  59,            0.029573,            0.050128,             0.03241,             0.88637,             0.80437,             0.83513,             0.52829,            0.026206,            0.050663,             0.03228,           0.0007129,           0.0007129,           0.0007129
                  60,            0.029813,            0.050439,            0.032419,             0.87779,              0.8003,             0.82436,             0.52146,            0.025682,            0.051303,             0.03232,          0.00070795,          0.00070795,          0.00070795
                  61,            0.029693,            0.050267,            0.032406,             0.87934,             0.80886,             0.83023,             0.52456,            0.026038,            0.051436,            0.032278,            0.000703,            0.000703,            0.000703
                  62,            0.029945,            0.050972,            0.032406,             0.88567,             0.81308,             0.83922,             0.52746,            0.025743,            0.050271,            0.032292,          0.00069805,          0.00069805,          0.00069805
                  63,            0.029851,            0.050598,            0.032396,             0.88237,             0.81154,             0.83492,             0.52838,            0.026013,            0.051461,            0.032309,           0.0006931,           0.0006931,           0.0006931
                  64,            0.029726,            0.050011,            0.032366,             0.89443,             0.81232,             0.84751,             0.53358,            0.025729,            0.050664,            0.032284,          0.00068815,          0.00068815,          0.00068815
                  65,            0.029564,            0.050588,            0.032373,             0.88885,             0.80862,             0.83756,              0.5305,            0.025769,            0.051101,            0.032273,           0.0006832,           0.0006832,           0.0006832
                  66,            0.029605,            0.050533,            0.032381,             0.87243,             0.81159,             0.83718,             0.52863,            0.025706,            0.051413,            0.032268,          0.00067825,          0.00067825,          0.00067825
                  67,            0.029269,            0.049887,            0.032386,             0.88739,             0.81892,             0.84141,             0.53713,            0.025387,            0.051713,            0.032264,           0.0006733,           0.0006733,           0.0006733
                  68,            0.029712,            0.050025,             0.03243,             0.88716,             0.81309,             0.83711,             0.53666,            0.025445,            0.050045,            0.032265,          0.00066835,          0.00066835,          0.00066835
                  69,            0.029438,            0.050306,            0.032391,              0.9001,             0.81593,             0.84365,             0.53805,            0.025267,            0.050367,             0.03224,           0.0006634,           0.0006634,           0.0006634
                  70,            0.030001,            0.050539,            0.032382,             0.89319,             0.82087,             0.84633,             0.53532,            0.025621,            0.050236,            0.032248,          0.00065845,          0.00065845,          0.00065845
                  71,            0.029288,            0.049822,            0.032366,             0.88837,             0.80597,             0.84121,             0.53722,            0.025216,             0.05063,             0.03226,           0.0006535,           0.0006535,           0.0006535
                  72,            0.029304,            0.049541,            0.032332,              0.8818,             0.81383,             0.84154,             0.53467,            0.025457,            0.051016,            0.032234,          0.00064855,          0.00064855,          0.00064855
                  73,            0.029102,             0.04958,            0.032321,             0.87485,             0.81376,             0.83655,             0.54086,            0.025017,            0.050845,             0.03224,           0.0006436,           0.0006436,           0.0006436
                  74,            0.028639,            0.048969,            0.032354,             0.89097,             0.81726,             0.83974,             0.54472,            0.025018,            0.050978,            0.032255,          0.00063865,          0.00063865,          0.00063865
                  75,            0.028738,            0.048664,            0.032373,             0.89131,              0.8161,             0.83938,             0.54175,             0.02521,            0.050314,            0.032242,           0.0006337,           0.0006337,           0.0006337
                  76,            0.029217,            0.049704,            0.032328,             0.89536,             0.81767,              0.8456,             0.54375,            0.025178,            0.049814,            0.032242,          0.00062875,          0.00062875,          0.00062875
                  77,            0.028577,            0.049252,            0.032276,             0.90041,             0.81394,             0.84939,             0.54783,            0.024946,             0.04978,            0.032232,           0.0006238,           0.0006238,           0.0006238
                  78,            0.028742,            0.048693,            0.032354,             0.88862,             0.81987,             0.84709,             0.54331,            0.025334,            0.049943,            0.032253,          0.00061885,          0.00061885,          0.00061885
                  79,            0.028754,            0.049306,            0.032325,             0.89335,             0.82217,             0.84748,             0.55028,            0.024821,            0.049539,            0.032234,           0.0006139,           0.0006139,           0.0006139
                  80,            0.028642,            0.048738,            0.032294,             0.88908,             0.82178,              0.8458,             0.54669,            0.024775,            0.050568,            0.032241,          0.00060895,          0.00060895,          0.00060895
                  81,            0.028414,            0.047975,            0.032297,             0.89583,             0.82252,             0.84798,             0.54702,            0.024833,            0.050176,            0.032231,            0.000604,            0.000604,            0.000604
                  82,            0.028522,            0.048461,            0.032309,             0.89996,             0.81971,             0.84666,             0.54818,            0.024798,            0.049606,            0.032228,          0.00059905,          0.00059905,          0.00059905
                  83,            0.028363,            0.049197,            0.032308,             0.90024,             0.82381,             0.85133,             0.55001,            0.024651,             0.04975,            0.032207,           0.0005941,           0.0005941,           0.0005941
                  84,            0.028434,            0.048433,            0.032276,             0.88874,             0.82558,             0.84724,             0.55109,            0.024721,            0.050301,            0.032192,          0.00058915,          0.00058915,          0.00058915
                  85,            0.028157,            0.048394,            0.032308,              0.8997,             0.81485,             0.85173,             0.55413,            0.024634,            0.048918,            0.032207,           0.0005842,           0.0005842,           0.0005842
                  86,            0.027927,            0.048077,            0.032284,             0.90087,             0.82945,             0.85423,             0.55546,            0.024492,            0.049374,            0.032189,          0.00057925,          0.00057925,          0.00057925
                  87,            0.028463,            0.048512,            0.032322,             0.88511,              0.8238,             0.85298,             0.55366,            0.024545,            0.050555,            0.032203,           0.0005743,           0.0005743,           0.0005743
                  88,             0.02778,            0.047623,            0.032284,             0.88399,              0.8188,             0.84172,             0.55144,              0.0245,            0.050649,            0.032236,          0.00056935,          0.00056935,          0.00056935
                  89,             0.02825,            0.048504,            0.032275,             0.90302,             0.82202,             0.85329,             0.55428,            0.024412,            0.049576,            0.032196,           0.0005644,           0.0005644,           0.0005644
                  90,            0.028049,             0.04754,            0.032282,             0.89659,             0.82247,             0.85272,             0.55557,             0.02434,            0.049539,            0.032193,          0.00055945,          0.00055945,          0.00055945
                  91,            0.028049,            0.047683,            0.032321,             0.89796,               0.819,             0.84857,             0.55734,             0.02422,            0.049651,            0.032182,           0.0005545,           0.0005545,           0.0005545
                  92,            0.027685,            0.048034,            0.032256,             0.88874,             0.82682,              0.8503,             0.55301,            0.024131,            0.049882,            0.032195,          0.00054955,          0.00054955,          0.00054955
                  93,            0.027974,            0.048298,            0.032258,             0.89493,             0.83038,               0.855,             0.56043,            0.024207,            0.049959,            0.032182,           0.0005446,           0.0005446,           0.0005446
                  94,            0.027634,            0.047537,            0.032262,             0.90146,             0.83247,             0.85632,             0.56392,            0.024156,            0.049383,            0.032159,          0.00053965,          0.00053965,          0.00053965
                  95,            0.027815,            0.047739,            0.032296,             0.89536,             0.83252,             0.85468,             0.56215,            0.023985,            0.049077,            0.032165,           0.0005347,           0.0005347,           0.0005347
                  96,            0.027824,            0.047739,            0.032258,             0.91298,             0.82646,             0.85603,             0.56323,             0.02397,            0.048652,            0.032178,          0.00052975,          0.00052975,          0.00052975
                  97,            0.027884,             0.04699,            0.032277,             0.89559,             0.81971,             0.84758,             0.55948,            0.024026,            0.049165,            0.032174,           0.0005248,           0.0005248,           0.0005248
                  98,            0.027635,            0.047849,            0.032272,             0.89476,             0.82715,             0.85078,             0.55947,            0.023863,            0.049545,            0.032173,          0.00051985,          0.00051985,          0.00051985
                  99,            0.027381,             0.04678,            0.032273,             0.88283,             0.82487,             0.85225,             0.55907,            0.023737,            0.049323,            0.032172,           0.0005149,           0.0005149,           0.0005149
                 100,            0.027765,            0.047492,            0.032233,             0.88833,             0.82972,             0.85355,             0.56169,            0.023788,            0.049096,            0.032169,          0.00050995,          0.00050995,          0.00050995
                 101,            0.027373,            0.047206,            0.032261,             0.89846,              0.8383,             0.85732,             0.56396,            0.023779,             0.04918,            0.032153,            0.000505,            0.000505,            0.000505
                 102,            0.027435,            0.046963,            0.032244,             0.90379,             0.82479,             0.85156,             0.56481,            0.023757,            0.048873,            0.032187,          0.00050005,          0.00050005,          0.00050005
                 103,            0.027361,            0.046796,             0.03225,             0.89601,              0.8328,             0.85226,             0.56365,            0.023672,            0.049133,            0.032142,           0.0004951,           0.0004951,           0.0004951
                 104,            0.026958,            0.046451,            0.032227,             0.91123,             0.82957,             0.85593,             0.56784,            0.023536,            0.049145,            0.032158,          0.00049015,          0.00049015,          0.00049015
                 105,            0.027224,            0.046771,            0.032216,             0.90105,             0.83733,             0.85569,             0.56839,            0.023483,            0.048887,            0.032145,           0.0004852,           0.0004852,           0.0004852
                 106,            0.027177,            0.046365,            0.032244,             0.89742,             0.82917,             0.85487,             0.57019,             0.02347,            0.049175,            0.032161,          0.00048025,          0.00048025,          0.00048025
                 107,            0.026937,            0.046831,            0.032233,             0.90316,             0.83276,             0.85564,             0.56867,            0.023463,            0.048695,            0.032164,           0.0004753,           0.0004753,           0.0004753
                 108,            0.026979,            0.045943,              0.0322,              0.8972,             0.83481,             0.85884,             0.57237,            0.023313,             0.04871,            0.032133,          0.00047035,          0.00047035,          0.00047035
                 109,            0.026894,            0.045813,            0.032223,              0.9037,             0.83024,             0.86008,             0.57134,            0.023465,            0.048736,            0.032153,           0.0004654,           0.0004654,           0.0004654
                 110,             0.02697,            0.046597,            0.032236,             0.90031,             0.83161,             0.85882,             0.56722,            0.023368,            0.049057,            0.032141,          0.00046045,          0.00046045,          0.00046045
                 111,            0.026621,            0.046061,            0.032252,             0.90083,             0.82904,             0.85604,             0.57318,            0.023276,            0.048954,            0.032148,           0.0004555,           0.0004555,           0.0004555
                 112,            0.026671,            0.045981,            0.032231,             0.90799,             0.83043,             0.86168,             0.57416,             0.02332,            0.048601,            0.032145,          0.00045055,          0.00045055,          0.00045055
                 113,            0.026449,            0.045957,            0.032253,             0.91099,             0.83288,             0.85741,             0.57164,            0.023274,            0.048229,            0.032154,           0.0004456,           0.0004456,           0.0004456
                 114,            0.026658,            0.045615,            0.032208,             0.89974,             0.83614,             0.85825,             0.57352,            0.023327,            0.048299,            0.032142,          0.00044065,          0.00044065,          0.00044065
                 115,            0.026154,            0.045947,              0.0322,             0.89339,             0.84192,              0.8583,             0.57629,            0.023167,            0.048132,            0.032139,           0.0004357,           0.0004357,           0.0004357
                 116,            0.026542,            0.045486,            0.032206,             0.90255,             0.82762,             0.85322,             0.57086,            0.023239,            0.048202,            0.032148,          0.00043075,          0.00043075,          0.00043075
                 117,            0.026583,            0.045891,            0.032179,             0.90525,             0.83349,             0.85949,             0.57534,            0.023176,            0.047747,             0.03214,           0.0004258,           0.0004258,           0.0004258
                 118,            0.026414,            0.045313,            0.032229,             0.90496,             0.83135,             0.85952,             0.57204,            0.023311,            0.048511,            0.032145,          0.00042085,          0.00042085,          0.00042085
                 119,            0.026443,            0.045709,            0.032216,             0.89311,              0.8381,             0.86004,             0.57448,            0.023238,            0.048533,            0.032147,           0.0004159,           0.0004159,           0.0004159
                 120,            0.025826,             0.04506,            0.032214,             0.89922,             0.84035,             0.86073,             0.57824,            0.023145,            0.048455,            0.032127,          0.00041095,          0.00041095,          0.00041095
                 121,            0.026117,            0.046302,            0.032195,             0.90425,             0.83988,             0.85997,             0.57955,            0.023097,            0.048423,             0.03212,            0.000406,            0.000406,            0.000406
                 122,             0.02583,            0.044201,            0.032192,             0.90021,             0.84252,             0.86212,             0.57872,            0.023154,            0.048362,            0.032125,          0.00040105,          0.00040105,          0.00040105
                 123,             0.02617,            0.045397,            0.032205,             0.90224,             0.84194,             0.86212,             0.57854,            0.023096,            0.048259,            0.032134,           0.0003961,           0.0003961,           0.0003961
                 124,            0.026046,            0.045722,            0.032201,             0.90316,             0.84629,             0.86383,             0.58006,            0.022942,            0.048067,            0.032122,          0.00039115,          0.00039115,          0.00039115
                 125,            0.025824,            0.045178,            0.032199,             0.90477,              0.8354,             0.86324,             0.58081,            0.022909,              0.0483,            0.032112,           0.0003862,           0.0003862,           0.0003862
                 126,             0.02637,            0.045544,            0.032201,              0.9041,             0.84245,             0.86514,             0.58119,            0.022855,            0.048198,            0.032114,          0.00038125,          0.00038125,          0.00038125
                 127,            0.026544,            0.045766,            0.032189,             0.90417,             0.84135,             0.86271,             0.58081,            0.022916,            0.048222,            0.032113,           0.0003763,           0.0003763,           0.0003763
                 128,             0.02573,            0.045158,            0.032178,             0.90185,             0.84389,             0.86426,             0.58191,            0.022779,            0.048113,            0.032116,          0.00037135,          0.00037135,          0.00037135
                 129,            0.025474,            0.044222,            0.032154,              0.9084,             0.84187,             0.86453,             0.58152,            0.022836,            0.048282,            0.032117,           0.0003664,           0.0003664,           0.0003664
                 130,            0.025932,            0.045777,            0.032178,             0.90227,             0.83913,             0.86111,             0.58249,            0.022796,            0.048241,            0.032126,          0.00036145,          0.00036145,          0.00036145
                 131,            0.025476,            0.044424,             0.03216,             0.90985,             0.83912,             0.86184,             0.58391,            0.022807,            0.048202,            0.032118,           0.0003565,           0.0003565,           0.0003565
                 132,            0.025777,            0.044309,            0.032182,              0.9044,              0.8446,             0.86177,             0.58456,            0.022761,            0.048234,            0.032117,          0.00035155,          0.00035155,          0.00035155
                 133,            0.025403,            0.044135,            0.032159,              0.9021,             0.84045,               0.862,             0.58402,            0.022739,            0.047947,            0.032118,           0.0003466,           0.0003466,           0.0003466
                 134,            0.025425,            0.044235,            0.032182,              0.9058,             0.84024,             0.86204,             0.58377,            0.022713,            0.048239,            0.032121,          0.00034165,          0.00034165,          0.00034165
                 135,            0.025751,              0.0438,            0.032184,             0.90442,             0.84342,              0.8608,             0.58264,            0.022571,            0.048096,             0.03211,           0.0003367,           0.0003367,           0.0003367
                 136,            0.025332,            0.044369,            0.032166,             0.90585,             0.84002,              0.8605,             0.58224,            0.022578,            0.048036,            0.032111,          0.00033175,          0.00033175,          0.00033175
                 137,            0.025477,            0.044524,            0.032179,             0.90523,             0.84184,             0.86369,             0.58319,            0.022572,             0.04789,             0.03211,           0.0003268,           0.0003268,           0.0003268
                 138,            0.025879,            0.045115,            0.032162,             0.89889,             0.84482,             0.86232,             0.58385,            0.022628,            0.047634,            0.032113,          0.00032185,          0.00032185,          0.00032185
                 139,            0.025509,            0.044085,            0.032155,             0.90821,             0.83962,             0.86446,             0.58701,            0.022617,            0.047543,            0.032101,           0.0003169,           0.0003169,           0.0003169
                 140,            0.025228,            0.044447,            0.032157,             0.90805,             0.83364,             0.85678,             0.58451,            0.022538,            0.047724,            0.032111,          0.00031195,          0.00031195,          0.00031195
                 141,            0.025465,            0.044138,            0.032185,             0.90124,             0.84072,             0.86155,             0.58498,            0.022449,            0.047723,            0.032104,            0.000307,            0.000307,            0.000307
                 142,            0.025162,             0.04401,            0.032155,             0.91048,             0.84223,             0.86428,             0.58793,             0.02245,            0.047599,            0.032109,          0.00030205,          0.00030205,          0.00030205
                 143,            0.024938,            0.043723,            0.032154,              0.9115,             0.84237,             0.86643,             0.58669,            0.022502,            0.047556,            0.032114,           0.0002971,           0.0002971,           0.0002971
                 144,            0.024976,            0.043836,            0.032162,             0.91393,             0.83864,              0.8639,             0.58726,            0.022463,            0.047737,            0.032115,          0.00029215,          0.00029215,          0.00029215
                 145,            0.024936,             0.04363,            0.032152,             0.91549,             0.84115,             0.86501,             0.58658,            0.022421,            0.047769,            0.032111,           0.0002872,           0.0002872,           0.0002872
                 146,            0.024954,             0.04406,             0.03217,             0.90692,             0.84682,             0.86559,             0.58564,            0.022395,            0.047871,            0.032112,          0.00028225,          0.00028225,          0.00028225
                 147,            0.025075,            0.043881,            0.032153,             0.91266,             0.84174,             0.86334,              0.5862,            0.022428,            0.047891,            0.032115,           0.0002773,           0.0002773,           0.0002773
                 148,            0.024936,            0.043299,            0.032147,             0.91429,              0.8417,             0.86894,             0.58826,            0.022397,            0.047888,             0.03211,          0.00027235,          0.00027235,          0.00027235
                 149,            0.024907,            0.043875,            0.032146,             0.90851,             0.84224,              0.8674,              0.5887,            0.022305,            0.047795,            0.032106,           0.0002674,           0.0002674,           0.0002674
                 150,               0.025,            0.044036,            0.032143,             0.90209,             0.84489,             0.86382,             0.58763,            0.022247,            0.047711,            0.032104,          0.00026245,          0.00026245,          0.00026245
                 151,            0.024838,            0.043552,            0.032158,             0.91185,             0.84402,             0.86544,             0.58822,            0.022192,            0.047649,            0.032101,           0.0002575,           0.0002575,           0.0002575
                 152,            0.025287,            0.043661,            0.032179,             0.90715,             0.84352,              0.8636,             0.58811,            0.022175,             0.04765,            0.032104,          0.00025255,          0.00025255,          0.00025255
                 153,            0.024767,            0.043704,            0.032149,             0.90681,             0.84384,              0.8626,             0.58967,            0.022156,            0.047404,            0.032103,           0.0002476,           0.0002476,           0.0002476
                 154,            0.024969,            0.043797,            0.032142,             0.90847,             0.84323,             0.86528,             0.59158,            0.022212,            0.047319,            0.032101,          0.00024265,          0.00024265,          0.00024265
                 155,            0.024755,            0.043277,            0.032135,             0.90832,             0.84382,             0.86456,             0.59034,            0.022231,            0.047218,            0.032098,           0.0002377,           0.0002377,           0.0002377
                 156,            0.024649,            0.043085,            0.032125,             0.90582,             0.84542,             0.86399,             0.59127,            0.022174,            0.047367,            0.032099,          0.00023275,          0.00023275,          0.00023275
                 157,            0.024462,            0.042964,            0.032134,             0.90585,             0.84413,             0.86422,             0.59162,            0.022137,            0.047463,            0.032103,           0.0002278,           0.0002278,           0.0002278
                 158,            0.024445,            0.043009,            0.032155,             0.90994,             0.84354,             0.86369,             0.59185,            0.022092,            0.047363,            0.032098,          0.00022285,          0.00022285,          0.00022285
                 159,            0.024373,            0.042421,            0.032145,             0.91141,             0.84311,             0.86722,             0.59431,            0.022092,            0.047341,              0.0321,           0.0002179,           0.0002179,           0.0002179
                 160,            0.024534,            0.043185,            0.032128,             0.91285,             0.84343,             0.86707,             0.59562,            0.022093,            0.047305,            0.032098,          0.00021295,          0.00021295,          0.00021295
                 161,            0.024229,            0.042966,            0.032111,             0.91122,             0.84248,             0.86683,             0.59498,            0.022027,            0.047397,            0.032094,            0.000208,            0.000208,            0.000208
                 162,            0.024456,            0.042556,            0.032166,             0.91381,              0.8419,             0.86525,             0.59418,            0.022018,            0.047387,            0.032091,          0.00020305,          0.00020305,          0.00020305
                 163,            0.024381,             0.04295,            0.032133,              0.9129,              0.8421,             0.86532,             0.59264,            0.022031,            0.047371,            0.032094,           0.0001981,           0.0001981,           0.0001981
                 164,            0.024316,            0.042629,            0.032118,             0.91094,             0.84222,             0.86436,             0.59531,            0.021997,            0.047351,            0.032095,          0.00019315,          0.00019315,          0.00019315
                 165,             0.02413,            0.042014,            0.032117,             0.90879,             0.84531,               0.865,             0.59583,            0.021937,             0.04739,            0.032093,           0.0001882,           0.0001882,           0.0001882
                 166,            0.024346,            0.042341,             0.03213,             0.90746,             0.84536,             0.86426,             0.59568,            0.021967,              0.0474,            0.032095,          0.00018325,          0.00018325,          0.00018325
                 167,            0.024121,            0.042955,            0.032132,             0.90978,             0.84371,             0.86289,             0.59546,            0.021953,            0.047373,            0.032092,           0.0001783,           0.0001783,           0.0001783
                 168,            0.024378,            0.042814,            0.032125,             0.91097,             0.84498,             0.86327,             0.59528,            0.021959,            0.047378,            0.032093,          0.00017335,          0.00017335,          0.00017335
                 169,            0.024451,            0.042706,            0.032134,             0.90624,             0.84766,             0.86402,             0.59607,            0.021945,            0.047408,            0.032091,           0.0001684,           0.0001684,           0.0001684
                 170,            0.024254,            0.042222,            0.032128,             0.90654,             0.84864,             0.86702,             0.59651,            0.021945,             0.04729,            0.032091,          0.00016345,          0.00016345,          0.00016345
                 171,             0.02398,            0.042713,            0.032121,             0.90425,             0.84965,             0.86638,             0.59614,            0.021938,            0.047291,            0.032086,           0.0001585,           0.0001585,           0.0001585
                 172,            0.024102,             0.04278,            0.032144,             0.90862,             0.84771,             0.86513,             0.59657,            0.021915,            0.047215,            0.032088,          0.00015355,          0.00015355,          0.00015355
                 173,            0.024439,            0.042687,            0.032136,             0.90776,             0.85156,             0.86727,             0.59647,            0.021894,            0.047202,            0.032086,           0.0001486,           0.0001486,           0.0001486
                 174,            0.024288,            0.043002,             0.03214,              0.9095,             0.84897,             0.86786,             0.59746,            0.021866,            0.047146,            0.032086,          0.00014365,          0.00014365,          0.00014365
                 175,            0.023938,            0.042106,            0.032102,             0.91212,             0.84895,             0.86816,             0.59791,            0.021872,            0.047114,            0.032084,           0.0001387,           0.0001387,           0.0001387
                 176,            0.024032,            0.042467,            0.032129,             0.91771,             0.84352,             0.86763,              0.5982,            0.021873,            0.047161,            0.032084,          0.00013375,          0.00013375,          0.00013375
                 177,            0.024159,             0.04288,            0.032128,             0.91605,             0.84507,             0.86751,             0.59883,             0.02184,            0.047153,            0.032086,           0.0001288,           0.0001288,           0.0001288
                 178,            0.023973,            0.042421,            0.032147,             0.91717,             0.84367,             0.86712,             0.59888,            0.021852,            0.047129,            0.032088,          0.00012385,          0.00012385,          0.00012385
                 179,            0.024064,            0.043179,            0.032136,              0.9151,             0.84214,             0.86681,             0.60024,            0.021839,            0.047154,            0.032089,           0.0001189,           0.0001189,           0.0001189
                 180,            0.023745,            0.042259,            0.032118,             0.91644,             0.84288,              0.8676,             0.59953,            0.021825,            0.047186,            0.032084,          0.00011395,          0.00011395,          0.00011395
                 181,            0.023839,              0.0418,            0.032131,             0.90939,             0.84451,             0.86564,             0.60037,             0.02178,            0.047141,            0.032085,            0.000109,            0.000109,            0.000109
                 182,            0.023522,            0.042764,            0.032127,              0.9115,             0.84394,             0.86714,             0.59939,            0.021774,            0.047113,            0.032086,          0.00010405,          0.00010405,          0.00010405
                 183,            0.023756,            0.042293,            0.032113,             0.91203,             0.84364,             0.86767,             0.60055,            0.021747,            0.047085,            0.032088,            9.91e-05,            9.91e-05,            9.91e-05
                 184,            0.023838,            0.042491,            0.032141,             0.91103,             0.84339,              0.8677,             0.59952,             0.02174,            0.047084,            0.032085,           9.415e-05,           9.415e-05,           9.415e-05
                 185,            0.023384,            0.041598,            0.032128,             0.90976,             0.84203,             0.86766,             0.59944,            0.021724,            0.047049,            0.032086,            8.92e-05,            8.92e-05,            8.92e-05
                 186,            0.023412,            0.042046,            0.032117,             0.90944,             0.84058,             0.86573,              0.5997,            0.021712,            0.047036,            0.032085,           8.425e-05,           8.425e-05,           8.425e-05
                 187,             0.02358,             0.04149,            0.032103,             0.90903,              0.8413,             0.86553,             0.59849,              0.0217,            0.047042,            0.032082,            7.93e-05,            7.93e-05,            7.93e-05
                 188,            0.023733,            0.041979,            0.032131,             0.90764,             0.84168,             0.86577,             0.59941,            0.021689,            0.047063,            0.032084,           7.435e-05,           7.435e-05,           7.435e-05
                 189,            0.023744,            0.041771,            0.032117,             0.90936,              0.8401,             0.86544,             0.59942,            0.021692,            0.047078,            0.032084,            6.94e-05,            6.94e-05,            6.94e-05
                 190,            0.023519,            0.041827,            0.032102,             0.90753,             0.84041,             0.86579,             0.59954,             0.02169,            0.047085,            0.032082,           6.445e-05,           6.445e-05,           6.445e-05
                 191,            0.023611,            0.041606,            0.032117,             0.90719,              0.8443,             0.86724,             0.60038,            0.021702,            0.047092,            0.032082,            5.95e-05,            5.95e-05,            5.95e-05
                 192,            0.023579,            0.041662,            0.032097,               0.906,             0.84358,             0.86638,             0.60011,            0.021709,            0.047101,            0.032081,           5.455e-05,           5.455e-05,           5.455e-05
                 193,            0.023151,            0.041798,            0.032133,              0.9068,             0.84265,             0.86571,             0.59956,            0.021702,            0.047092,             0.03208,            4.96e-05,            4.96e-05,            4.96e-05
                 194,            0.023219,            0.041842,            0.032118,             0.90513,             0.84281,             0.86502,             0.59989,            0.021694,            0.047081,             0.03208,           4.465e-05,           4.465e-05,           4.465e-05
                 195,            0.023374,            0.041205,            0.032135,             0.90907,             0.84554,             0.86794,             0.59946,            0.021681,            0.047076,            0.032079,            3.97e-05,            3.97e-05,            3.97e-05
                 196,            0.023122,            0.041284,             0.03209,             0.90565,             0.84449,             0.86687,              0.6004,            0.021679,             0.04707,            0.032079,           3.475e-05,           3.475e-05,           3.475e-05
                 197,            0.023335,            0.041708,            0.032109,             0.90669,             0.84545,             0.86702,             0.60009,            0.021669,             0.04706,            0.032079,            2.98e-05,            2.98e-05,            2.98e-05
                 198,            0.023368,            0.041328,            0.032093,             0.90632,             0.84539,             0.86723,             0.59959,            0.021665,            0.047064,            0.032077,           2.485e-05,           2.485e-05,           2.485e-05
                 199,            0.023047,            0.041735,             0.03212,             0.90735,             0.84517,             0.86708,             0.60002,            0.021665,            0.047081,            0.032077,            1.99e-05,            1.99e-05,            1.99e-05
